//dnorm(seq(-10, 10, length.out = 21), mean = 0, sd = 2)
-10
10
7.433598e-07
7.991871e-06
6.691511e-05
4.363413e-04
2.215924e-03
8.764150e-03
2.699548e-02
6.475880e-02
1.209854e-01
1.760327e-01
1.994711e-01
1.760327e-01
1.209854e-01
6.475880e-02
2.699548e-02
8.764150e-03
2.215924e-03
4.363413e-04
6.691511e-05
7.991871e-06
7.433598e-07